6796864746	KAROL G & Drake	Ahí	Latin	2026	["latin"]
1787022572	Bad Bunny	NUEVAYoL	Latin	2025	["latin"]
1652080289	JHAYCO, J Balvin & Bad Bunny	No Me Conoce (Remix)	Urbano latino	2019	["latin","hiphop"]
1787023682	Bad Bunny & Los Pleneros de la Cresta	CAFé CON RON	Latin	2025	["latin"]
itunes-1447555315	Bad Bunny	MÍA (feat. Drake)	Urbano latino	2018	["latin","hiphop"]
1470146813	J Balvin & Bad Bunny	LA CANCIÓN	Urbano latino	2019	["latin","hiphop"]
1622045962	Bad Bunny & Bomba Estéreo	Ojitos Lindos	Latin	2022	["latin"]
1622046222	Bad Bunny & The Marías	Otro Atardecer	Latin	2022	["latin"]
1682500319	Grupo Frontera & Bad Bunny	un x100to	Música Mexicana	2023	["latin"]
1586673104	Tainy, Bad Bunny & Julieta Venegas	Lo Siento BB:/	Urbano latino	2021	["latin","hiphop"]
1470146805	J Balvin & Bad Bunny	QUÉ PRETENDES	Urbano latino	2019	["latin","hiphop"]
1622045948	Bad Bunny	Neverita	Latin	2022	["latin"]
1622045626	Bad Bunny	Después de la Playa	Latin	2022	["latin"]
1622046238	Bad Bunny	Un Verano Sin Ti	Latin	2022	["latin"]
1447554997	Bad Bunny	Como Antes	Urbano latino	2018	["latin","hiphop"]
1462982163	Lunay, Daddy Yankee & Bad Bunny	Soltera (Remix)	Urbano latino	2019	["latin","hiphop"]
1460403329	Farruko & Bad Bunny	La Cartera	Urbano latino	2019	["latin","hiphop"]
1500776323	Bad Bunny	Si Veo a Tu Mamá	Urbano latino	2020	["latin","hiphop"]
1542103215	Bad Bunny & ROSALÍA	LA NOCHE DE ANOCHE	Urbano latino	2020	["latin","hiphop"]
1523100120	J Balvin, Dua Lipa, Bad Bunny & Tainy	UN DIA (ONE DAY)	Latin	2020	["latin"]
1483618937	Becky G & Bad Bunny	Mayores	Pop Latino	2017	["pop","latin"]
1500777234	Bad Bunny	<3	Urbano latino	2020	["latin","hiphop"]
1787022993	Bad Bunny & Chuwi	WELTiTA	Latin	2025	["latin"]
1299972308	Bad Bunny, Prince Royce & J Balvin	Sensualidad (feat. Mambo Kingz & DJ Luian)	Urbano latino	2017	["latin","hiphop"]
1775463293	Rauw Alejandro & Romeo Santos	Khé?	Urbano latino	2024	["latin","hiphop"]
1775462856	Rauw Alejandro	Tú Con Él	Latin	2024	["latin"]
1560216835	Marc Segui, Rauw Alejandro & Pol Granch	Tiroteo (Remix)	Latin	2021	["latin"]
1214658772	Jory Boy & Bad Bunny	No Te Hagas	Latin	2017	["latin"]
1775463295	Rauw Alejandro & Laura Pausini	Se Fue	Pop Latino	2024	["pop","latin"]
1596868402	Rauw Alejandro	Desenfocao'	Urbano latino	2021	["latin","hiphop"]
1441832524	Rauw Alejandro, Lyanno & Mathew	¿Qué Somos?	Urbano latino	2018	["latin","hiphop"]
1740805079	Sky Rompiendo & Rauw Alejandro	Espectacular	Urbano latino	2024	["latin","hiphop"]
1676343411	ROSALÍA & Rauw Alejandro	BESO	Pop Latino	2023	["pop","latin"]
1561081687	Manuel Turizo, Rauw Alejandro & Myke Towers	La Nota	Latin	2020	["latin"]
1738270376	Rvssian, Rauw Alejandro & Ayra Starr	Santa	Urbano latino	2025	["latin","hiphop"]
1455400735	Rauw Alejandro & Chencho Corleone	El Efecto	Urbano latino	2019	["latin","hiphop"]
1665293786	Rauw Alejandro	LEJOS DEL CIELO	Latin	2022	["latin"]
1619007597	Shakira & Rauw Alejandro	Te Felicito	Pop Latino	2022	["pop","latin"]
1550877481	Selena Gomez & Rauw Alejandro	Baila Conmigo	Pop Latino	2021	["pop","latin"]
1476338343	Rauw Alejandro & Farruko	Fantasías	Urbano latino	2019	["latin","hiphop"]
1525494052	Yandel & Rauw Alejandro	Dembow 2020	Urbano latino	2020	["latin","hiphop"]
1724446363	Eladio Carrión & Rauw Alejandro	Hey Lil Mamá	Latin	2024	["latin"]
1702234154	Rauw Alejandro	Hayami Hana	Pop Latino	2023	["pop","latin"]
1520712876	Rauw Alejandro & Camilo	Tattoo (Remix with Camilo)	Urbano latino	2020	["latin","hiphop"]
1591326359	Álvaro Díaz & Rauw Alejandro	Problemón	Urbano latino	2021	["latin","hiphop"]
1501250888	Rauw Alejandro, Anuel AA & NATTI NATASHA	Fantasías (feat. Farruko & Lunay) [Remix]	Urbano latino	2020	["latin","hiphop"]
1572775765	Tainy, Yandel & Rauw Alejandro	UNA MÁS	Urbano latino	2021	["latin","hiphop"]
1729939966	KAROL G & Tiësto	CONTIGO	Urbano latino	2024	["latin","hiphop"]
1699662816	KAROL G & Tiësto	PROVENZA (REMIX)	Urbano latino	2023	["latin","hiphop"]
1573664905	J Balvin & Skrillex	In Da Getto	Urbano latino	2021	["latin","hiphop"]
1440915543	Enrique Iglesias	Bailamos	Pop Latino	1999	["pop","latin"]
1442963484	Enrique Iglesias	Loco (feat. Romeo Santos)	Pop Latino	2013	["pop","latin"]
1442963473	Enrique Iglesias	El Perdedor (feat. Marco Antonio Solís)	Pop Latino	2013	["pop","latin"]
1521763205	Enrique Iglesias	Si Tú Te Vas	Latin	1995	["latin"]
1440914201	Enrique Iglesias	Héroe	Pop Latino	2001	["pop","latin"]
1521763447	Enrique Iglesias	Experiencia Religiosa	Latin	1995	["latin"]
1440915287	Enrique Iglesias	Be with You	Pop Latino	1999	["pop","latin"]
1206540519	Enrique Iglesias	SÚBEME LA RADIO (feat. Descemer Bueno & Zion & Lennox)	Pop Latino	2017	["pop","latin"]
1189391897	Nicky Jam & Enrique Iglesias	El Perdón (with Enrique Iglesias)	Urbano latino	2017	["latin","hiphop"]
1102851197	Enrique Iglesias	DUELE EL CORAZÓN (feat. Wisin)	Pop Latino	2016	["pop","latin"]
1467966477	Enrique Iglesias	Lloro Por Ti (feat. Wisin & Yandel) [Remix]	Urbano latino	2009	["latin","hiphop"]
1521763196	Enrique Iglesias	No Llores por Mi	Latin	1995	["latin"]
1521763338	Enrique Iglesias	Nunca Te Olvidaré	Latin	1998	["latin"]
1332868074	Enrique Iglesias	EL BAÑO (feat. Bad Bunny)	Urbano latino	2018	["latin","hiphop"]
1469556652	Wisin & Yandel & 50 Cent	Mujeres In the Club	Urbano latino	2009	["latin","hiphop"]
1473988874	Piso 21 & Black Eyed Peas	Mami	Latin	2019	["latin"]
1670245874	KAROL G, Bad Gyal & Sean Paul	KÁRMIKA	Latin	2023	["latin"]
1457188745	Sean Paul & J Balvin	Contra la Pared	Latin	2019	["latin"]
1683007602	Feid & Sean Paul	Niña Bonita	Latin	2023	["latin"]
1668499303	Banda MS de Sergio Lizárraga & Snoop Dogg	Qué Maldición	Música Mexicana	2020	["latin"]
1489407685	Ozuna, Anuel AA & Snoop Dogg	Patek	Urbano latino	2019	["latin","hiphop"]
1668501642	Banda MS de Sergio Lizárraga, Snoop Dogg & Becky G	Qué Maldición (Remix)	Música Mexicana	2020	["latin"]
1506732771	Rvssian, Anuel AA & Juice WRLD	No Me Ame	Latin	2020	["latin"]
1460175382	Daddy Yankee & Katy Perry	Con Calma (feat. Snow) [Remix]	Latin	2019	["latin"]
1728939096	Fuerza Regida	TÚ NAME	Música Mexicana	2024	["latin"]
1712363845	Fuerza Regida	EXCESOS	Música Mexicana	2023	["latin"]
1635944337	Fuerza Regida & Edgardo Nuñez	Billete Grande (En Vivo)	Música Mexicana	2022	["latin"]
1786262016	Fuerza Regida & Grupo Frontera	COQUETA	Música Mexicana	2024	["latin"]
1589924124	Fuerza Regida	Descansando	Música Mexicana	2021	["latin"]
1676124812	Fuerza Regida	Desvelado	Música Mexicana	2023	["latin"]
1488540433	Fuerza Regida	El Muchacho Alegre	Música Mexicana	2019	["latin"]
1660156931	Fuerza Regida & Eden Muñoz	Y Me Verán	Música Mexicana	2022	["latin"]
1611653087	Los Gemelos De Sinaloa & Fuerza Regida	No Le Aflojo	Música Mexicana	2022	["latin"]
1446953756	Fuerza Regida	Sigo Chambeando	Música Mexicana	2018	["latin"]
1659925720	Fuerza Regida & Grupo Frontera	Bebe Dame	Música Mexicana	2022	["latin"]
1728939092	Fuerza Regida	Brillarosa	Música Mexicana	2024	["latin"]
1407122381	Fuerza Regida	Dos Plumas	Música Mexicana	2018	["latin"]
1452992465	Fuerza Regida	Disculpe Usted	Música Mexicana	2019	["latin"]
1413027217	Fuerza Regida	Radicamos En South Central (En Vivo)	Música Mexicana	2018	["latin"]
1622075044	Eslabon Armado & Fuerza Regida	LA PERRIÉ	Música Mexicana	2022	["latin"]
1698726987	Fuerza Regida & Take A Daytrip	Tiki Taka Toco	Latin	2023	["latin"]
1561916164	Fuerza Regida & Calle 24	Qué Está Pasando	Música Mexicana	2021	["latin"]
1467968652	Don Omar	Dile	Urbano latino	2003	["latin","hiphop"]
6766294625	Farruko, Greeicy & Steve Aoki	YAPAQUE	Pop Latino	2026	["pop","latin"]
1440636498	Don Omar	Danza Kuduro (feat. Lucenzo)	Urbano latino	2010	["latin","hiphop"]
160405914	Aventura & Don Omar	Ella y Yo (Featuring Don Omar)	Música tropical	2005	["latin"]
1467968831	Don Omar	Dale Don Dale	Urbano latino	2003	["latin","hiphop"]
1443570410	Don Omar	Pobre Díabla	Urbano latino	2003	["latin","hiphop"]
1443559219	Don Omar	Virtual Diva	Urbano latino	2009	["latin","hiphop"]
1443507774	Don Omar	Salió el Sol	Latin	2006	["latin"]
1750557062	Don Omar	Bandoleros (feat. Tego Calderón)	Urbano latino	2005	["latin","hiphop"]
1444159212	Wisin, Yandel & Don Omar	Nadie Como Tú (feat. Don Omar)	Urbano latino	2006	["latin","hiphop"]
1353174239	Don Omar	MySpace (feat. Wisin & Yandel)	Urbano latino	2006	["latin","hiphop"]
1473336784	Don Omar	Dutty Love (feat. Natti Natasha)	Urbano latino	2012	["latin","hiphop"]
1443507780	Don Omar	Ángelito	Latin	2005	["latin"]
1440636333	Don Omar	Taboo	Urbano latino	2010	["latin","hiphop"]
1445021483	Luny Tunes, Daddy Yankee, Don Omar & Wisin & Yandel	Mayor Que Yo 3	Urbano latino	2005	["latin","hiphop"]
1443507537	Don Omar	Ojitos Chiquitos	Latin	2006	["latin"]
1467968654	Don Omar	Aunque Te Fuiste	Urbano latino	2003	["latin","hiphop"]
1473336590	Don Omar	Zumba	Urbano latino	2012	["latin","hiphop"]
1444125460	Don Omar & Zion & Lennox	Te Quiero Pa'Mí	Urbano latino	2003	["latin","hiphop"]
1440636330	Don Omar	Hooka (feat. Plan B)	Urbano latino	2010	["latin","hiphop"]
1876715333	Junior H & Gael Valenzuela	DEMENCIA	Latin	2026	["latin"]
1530117019	Junior H	Psicodélica	Latin	2020	["latin"]
1876715329	Junior H, Gael Valenzuela & Peso Pluma	LETAL	Latin	2026	["latin"]
1876715324	Junior H & Gael Valenzuela	EN DONDE E$TA$	Latin	2025	["latin"]
1530117015	Junior H & Jose Mejia	Suena	Latin	2020	["latin"]
1664222496	Oscar Maydon & Junior H	Fin de Semana	Música Mexicana	2023	["latin"]
1761412196	Tito Double P & Junior H	5-7	Música Mexicana	2024	["latin"]
1608887415	Junior H	Extssy Model	Latin	2021	["latin"]
1683673809	Eden Muñoz & Junior H	Abcdario	Música Mexicana	2023	["latin"]
1608887189	Junior H & Luis R Conriquez	Los Botones Azules	Latin	2021	["latin"]
1530112944	Junior H	No Me Pesa	Latin	2020	["latin"]
1608887407	Junior H	Como Jordan	Latin	2021	["latin"]
1864976413	Junior H & Gael Valenzuela	MI GATA	Latin	2026	["latin"]
1876715327	Junior H & Gael Valenzuela	MI$ LLAMADA$	Latin	2026	["latin"]
1530113112	Junior H	Se Amerita	Latin	2020	["latin"]
1876715325	Junior H & Gael Valenzuela	ERRORE$	Latin	2025	["latin"]
1530117017	Junior H	Días Nublados	Latin	2020	["latin"]
1657362180	Edgardo Nuñez & Junior H	Ciudad Peligrosa	Latin	2022	["latin"]
6763670998	Carín León	Desde Que Te Tengo	Música Mexicana	2026	["latin"]
1658411881	Carín León & Grupo Frontera	Que Vuelvas	Música Mexicana	2022	["latin"]
1560071944	KAROL G, Ludacris & Emilee	BEAUTIFUL BOY	Urbano latino	2021	["latin","hiphop"]
1738491388	Carín León	Primera Cita	Música Mexicana	2022	["latin"]
1888520457	Carín León	Me la Avente	Latin	2019	["latin"]
1888520458	Carín León	Quisiera Saber	Latin	2019	["latin"]
1888540087	Carín León	Si Tu Amor No Vuelve (En Vivo)	Latin	2020	["latin"]
1888551270	Carín León	No Es Por Acá	Latin	2022	["latin"]
1888509726	Carín León	Te Ví Con El	Música Mexicana	2018	["latin"]
1888533999	Carín León	Tu (En Vivo)	Música Mexicana	2020	["latin"]
1888524264	Carín León	El Amor De Tu Vida (feat. Tony Melendez)	Latin	2020	["latin"]
1888509887	Carín León	La Farsante	Música Mexicana	2018	["latin"]
1888495221	Carín León	Como Duele Equivocarse (feat. Espinoza Paz)	Latin	2020	["latin"]
1888520450	Carín León	Tu Amor Barato	Latin	2019	["latin"]
1697024902	Kany García & Carín León	Te Lo Agradezco	Música Mexicana	2023	["latin"]
1888574529	Carín León	La Boda del Huitlacoche (feat. Honorables) [En Vivo]	Latin	2020	["latin"]
1715715980	Grupo Firme & Carín León	El Tóxico	Música Mexicana	2020	["latin"]
1440902525	Christian Nodal	Adiós Amor	Música Mexicana	2017	["latin"]
1623851746	Christian Nodal	Ya No Somos Ni Seremos	Música Mexicana	2022	["latin"]
1459577460	Christian Nodal	No Te Contaron Mal	Música Mexicana	2018	["latin"]
1892164629	Gera MX & Christian Nodal	Botella Tras Botella	Latin	2023	["latin"]
1459577673	Christian Nodal	De los Besos Que Te Di	Música Mexicana	2019	["latin"]
1440902743	Christian Nodal	Probablemente	Música Mexicana	2017	["latin"]
1688526282	Christian Nodal & TINI	Por el Resto de Tu Vida	Música Mexicana	2023	["latin"]
1840981879	Grupo Frontera & Christian Nodal	YA PEDO QUIÉN SABE	Música Mexicana	2024	["latin"]
1725906539	Christian Nodal & Peso Pluma	La Intención	Música Mexicana	2024	["latin"]
1538877502	Christian Nodal & Ángela Aguilar	Dime Cómo Quieres	Música Mexicana	2020	["latin"]
1506825015	Camilo & Christian Nodal	La Mitad	Pop Latino	2020	["pop","latin"]
1440902756	Christian Nodal	Te Fallé	Música Mexicana	2017	["latin"]
1688526284	Christian Nodal	Un Cumbión Dolido	Música Mexicana	2023	["latin"]
1800076202	Christian Nodal	El Amigo	Música Mexicana	2025	["latin"]
1521571479	Christian Nodal	Aquí Abajo	Música Mexicana	2020	["latin"]
1459577672	Christian Nodal	Perdóname	Música Mexicana	2019	["latin"]
1311953215	Camila Cabello & Daddy Yankee	Havana (Remix)	Latin	2017	["latin"]
1683184712	Banda MS de Sergio Lizárraga & Ice Cube	¿Cuáles Fronteras?	Música Mexicana	2023	["latin"]
1815608896	Myke Towers & Quevedo	SOLEAO	Latin	2025	["latin"]
1851536996	Neton Vega & Myke Towers	/90 60 90	Latin	2025	["latin"]
1540386768	Myke Towers & Juhn	Bandido	Latin	2020	["latin"]
1577424373	Myke Towers	ALMAS GEMELAS	Latin	2021	["latin"]
1531561840	Los Legendarios, Wisin & Myke Towers	Mi Niña	Latin	2020	["latin"]
1527439505	Ozuna, KAROL G & Myke Towers	Caramelo (Remix)	Latin	2020	["latin"]
1603931587	Jay Wheeler, DJ Nelson & Myke Towers	La Curiosidad	Latin	2020	["latin"]
1503782489	Lunay, Myke Towers & Ozuna	La Cama (feat. Chencho Corleone & Rauw Alejandro) [Remix]	Urbano latino	2020	["latin","hiphop"]
1483618590	Becky G & Myke Towers	DOLLAR	Latin	2019	["latin"]
1561274161	Sebastián Yatra & Myke Towers	Pareja Del Año	Urbano latino	2021	["latin","hiphop"]
1799764992	Kapo & Myke Towers	ILY	Pop Latino	2025	["pop","latin"]
1539951545	Nicky Jam & Myke Towers	Polvo	Urbano latino	2020	["latin","hiphop"]
1858330845	Lil Naay & Myke Towers	PENDING	Urbano latino	2025	["latin","hiphop"]
1474004266	Myke Towers, Rauw Alejandro & Noriel	Cuerpo en Venta (feat. Almighty)	Latin	2019	["latin"]
1484376873	Lunay & Myke Towers	La Cama	Urbano latino	2019	["latin","hiphop"]
1551369606	Rochy RD, Myke Towers & NICKI NICOLE	Ella No Es Tuya (Remix)	Urbano latino	2021	["latin","hiphop"]
1478686104	Myke Towers	Piensan	Urbano latino	2019	["latin","hiphop"]
1749150946	Oken, Myke Towers & Mora	Noche Loca	Urbano latino	2018	["latin","hiphop"]
1362386222	KAROL G & Shaggy	Tu Pum Pum (feat. El Capitaan & Sekuence)	Música tropical	2018	["latin"]
1541731262	Kali Uchis	telepatía	Latin	2020	["latin"]
1710860382	Kali Uchis & Peso Pluma	Igual Que Un Ángel	Latin	2024	["latin"]
1862045490	Kali Uchis	Muévelo	Urbano latino	2025	["latin","hiphop"]
1710860484	Kali Uchis & KAROL G	Labios Mordidos	Latin	2024	["latin"]
itunes-1690670600	El Alfa & Lil Pump	Goyard	Urbano latino	2022	["latin","hiphop"]
itunes-1711600577	6ix9ine, ANGEL DIOR & Lenier	WAPAE (feat. Bulin 47)	Urbano latino	2023	["latin","hiphop"]
itunes-1711600583	6ix9ine & Yailin la Mas Viral	Pa Ti	Urbano latino	2018	["latin","hiphop"]
itunes-1711600592	6ix9ine & Grupo Firme	Y Ahora	Urbano latino	2018	["latin","hiphop"]
itunes-1711567808	6ix9ine & Lenier	Bori	Pop Latino	2023	["pop","latin"]
itunes-1838580129	Bebeshito, 6ix9ine & Lenier	Habla Toro	Urbano latino	2025	["latin","hiphop"]
itunes-1774544319	6ix9ine, Bebeshito, Lenier, Ernesto Losa & Mauro El Código Secreto	Papita Frita	Urbano latino	2024	["latin","hiphop"]
itunes-1817217063	Shakira	Hips Don't Lie (feat. Wyclef Jean)	Pop Latino	2006	["pop","latin"]
itunes-1731059954	Shakira & Grupo Frontera	(Entre Paréntesis)	Pop Latino	2024	["pop","latin"]
itunes-192683153	Shakira	Tú	Pop Latino	1998	["pop","latin"]
itunes-188261029	Shakira	Whenever, Wherever	Pop Latino	2001	["pop","latin"]
itunes-1817217220	Shakira	La Tortura (feat. Alejandro Sanz)	Pop Latino	2005	["pop","latin"]
itunes-888878378	Shakira	Loca (feat. El Cata)	Pop Latino	2010	["pop","latin"]
itunes-188261849	Shakira	Suerte (Whenever, Wherever)	Latin	2001	["latin"]
itunes-825811737	Shakira	Can't Remember to Forget You (feat. Rihanna) [Album]	Pop Latino	2014	["pop","latin"]
itunes-1234665569	Shakira	Chantaje (feat. Maluma)	Pop Latino	2016	["pop","latin"]
itunes-1660098823	Bizarrap & Shakira	Shakira: Bzrp Music Sessions, Vol. 53/66	Latin	2023	["latin"]
itunes-193662184	Shakira	Antología	Latin	1995	["latin"]
itunes-1234665572	Shakira	Perro Fiel (feat. Nicky Jam)	Pop Latino	2017	["pop","latin"]
itunes-1466700569	DJ Snake & J Balvin	Loco Contigo (feat. Tyga)	Urbano latino	2019	["latin","hiphop"]
itunes-1489407679	Ozuna, Diddy & DJ Snake	Eres Top	Urbano latino	2019	["latin","hiphop"]
itunes-1449106558	Daddy Yankee	Con Calma (feat. Snow)	Urbano latino	2018	["latin","hiphop"]
itunes-1444855250	Daddy Yankee	Dura	Urbano latino	2018	["latin","hiphop"]
itunes-1786000124	Daddy Yankee	Gasolina	Urbano latino	2004	["latin","hiphop"]
itunes-716604404	Daddy Yankee	Limbo	Urbano latino	2012	["latin","hiphop"]
itunes-1786000517	Daddy Yankee	Ella Me Levantó	Urbano latino	2007	["latin","hiphop"]
itunes-1445023261	Daddy Yankee	La Rompe Corazones (feat. Ozuna)	Urbano latino	2005	["latin","hiphop"]
itunes-1445050456	Daddy Yankee	Shaky Shaky	Urbano latino	2016	["latin","hiphop"]
itunes-1786000119	Daddy Yankee	No Me Dejes Solo (feat. Wisin & Yandel)	Urbano latino	2004	["latin","hiphop"]
itunes-1786000222	Daddy Yankee	Tu Príncipe (feat. Zion & Lennox)	Urbano latino	2004	["latin","hiphop"]
itunes-1786000220	Daddy Yankee	Lo Que Pasó, Pasó	Urbano latino	2004	["latin","hiphop"]
itunes-1786000558	Daddy Yankee	Llamado de Emergencia	Urbano latino	2008	["latin","hiphop"]
itunes-1473307010	Anuel AA, Daddy Yankee & KAROL G	China (feat. J Balvin & Ozuna)	Urbano latino	2019	["latin","hiphop"]
itunes-1460707404	Ozuna, Daddy Yankee & J Balvin	Baila Baila Baila (feat. Daddy Yankee, J Balvin, Farruko & Anuel AA) [Remix]	Urbano latino	2019	["latin","hiphop"]
itunes-1786000557	Daddy Yankee	Pose	Urbano latino	2008	["latin","hiphop"]
itunes-1786242484	Daddy Yankee	La Despedida	Urbano latino	2010	["latin","hiphop"]
itunes-1258805162	Romeo Santos, Daddy Yankee & Nicky Jam	Bella y Sensual	Música tropical	2017	["latin"]
itunes-1670245875	KAROL G	PROVENZA	Urbano latino	2022	["latin","hiphop"]
itunes-1014325895	Daddy Yankee	Lovumba	Pop Latino	2011	["pop","latin"]
itunes-1460193675	KAROL G & J Balvin	Mi Cama (feat. Nicky Jam) [Remix]	Urbano latino	2019	["latin","hiphop"]
itunes-6796864754	KAROL G, Judeline & rusowsky	BbY WOW	Urbano latino	2026	["latin","hiphop"]
itunes-1752031539	KAROL G	Si Antes Te Hubiera Conocido	Latin	2024	["latin"]
itunes-6796864752	KAROL G	Si lo ven	Pop Latino	2026	["pop","latin"]
itunes-6796864749	KAROL G	Alguien que te amaba	Música tropical	2026	["latin"]
itunes-1460193258	KAROL G	Ocean	Urbano latino	2019	["latin","hiphop"]
itunes-6796864744	KAROL G	Maybe	Urbano latino	2026	["latin","hiphop"]
itunes-6796864751	KAROL G	For u My lova	Urbano latino	2026	["latin","hiphop"]
itunes-1819544646	KAROL G & Marco Antonio Solís	Coleccionando Heridas	Latin	2025	["latin"]
itunes-1449291388	Anuel AA & KAROL G	Secreto	Urbano latino	2019	["latin","hiphop"]
itunes-1699662669	KAROL G	MI EX TENÍA RAZÓN	Latin	2023	["latin"]
itunes-1560071629	KAROL G & Mariah Angeliq	EL MAKINÓN	Urbano latino	2021	["latin","hiphop"]
itunes-1560071631	KAROL G	200 COPAS	Urbano latino	2021	["latin","hiphop"]
itunes-6796864757	KAROL G & Greg Gonzalez	Después de ti	Latin	2026	["latin"]
itunes-1641737869	KAROL G & Maldy	GATÚBELA	Urbano latino	2022	["latin","hiphop"]
itunes-1460193589	KAROL G & Anuel AA	Culpables	Urbano latino	2018	["latin","hiphop"]
itunes-1607918366	ROSALÍA	CANDY	Pop Latino	2022	["pop","latin"]
itunes-1646740393	Wisin & Yandel & ROSALÍA	Besos Moja2	Urbano latino	2022	["latin","hiphop"]
itunes-1607918720	ROSALÍA	MOTOMAMI	Pop Latino	2022	["pop","latin"]
itunes-1607918597	ROSALÍA & The Weeknd	LA FAMA	Pop Latino	2021	["pop","latin"]
itunes-1475557994	ROSALÍA & Ozuna	Yo x Ti, Tú x Mí	Latin	2019	["latin"]
itunes-1607918613	ROSALÍA	CHICKEN TERIYAKI	Pop Latino	2022	["pop","latin"]
itunes-1640944481	Romeo Santos & ROSALÍA	El Pañuelo	Latin	2022	["latin"]
itunes-1368816946	J Balvin & ROSALÍA	Brillo	Urbano latino	2018	["latin","hiphop"]
itunes-1663912995	ROSALÍA	LLYLM	Pop Latino	2023	["pop","latin"]
itunes-1676343415	ROSALÍA & Rauw Alejandro	VAMPIROS	Pop Latino	2023	["pop","latin"]
itunes-1368816792	J Balvin & Willy William	Mi Gente	Urbano latino	2017	["latin","hiphop"]
itunes-1542103221	Bad Bunny	YO VISTO ASÍ	Urbano latino	2020	["latin","hiphop"]
itunes-1500491200	J Balvin	Azul	Urbano latino	2020	["latin","hiphop"]
itunes-1440817278	J Balvin	Ay Vamos	Urbano latino	2014	["latin","hiphop"]
itunes-1440834968	J Balvin	Safari (feat. Pharrell Williams, BIA & Sky)	Urbano latino	2016	["latin","hiphop"]
itunes-1445013614	J Balvin & Jowell & Randy	Bonita	Urbano latino	2017	["latin","hiphop"]
itunes-1440862759	J Balvin	6 AM (feat. Farruko)	Urbano latino	2013	["latin","hiphop"]
itunes-1530281837	Ozuna, J Balvin & Chencho Corleone	Una Locura	Urbano latino	2020	["latin","hiphop"]
itunes-1550172228	Chris Jedi, J Balvin & Ozuna	Ahora Dice (feat. Arcángel)	Urbano latino	2017	["latin","hiphop"]
itunes-1500491201	J Balvin	Rojo	Urbano latino	2020	["latin","hiphop"]
itunes-1470146792	J Balvin & Bad Bunny	MOJAITA	Urbano latino	2019	["latin","hiphop"]
itunes-1500491203	J Balvin	Morado	Urbano latino	2020	["latin","hiphop"]
1314701330	Anitta & J Balvin	Downtown	Latin	2017	["latin"]
itunes-1442873482	J Balvin	Ginza	Urbano latino	2016	["latin","hiphop"]
itunes-1440835066	J Balvin	Sigo Extrañándote	Urbano latino	2016	["latin","hiphop"]
itunes-1402711377	Nicky Jam & J Balvin	X (feat. Maluma & Ozuna) [Remix]	Urbano latino	2018	["latin","hiphop"]
itunes-1269286851	Ozuna	Dile Que Tú Me Quieres	Urbano latino	2017	["latin","hiphop"]
itunes-1269286798	Ozuna	Se Preparó	Urbano latino	2017	["latin","hiphop"]
itunes-1470147066	J Balvin, Bad Bunny & Mr Eazi	COMO UN BEBÉ (feat. Mr Eazi)	Urbano latino	2019	["latin","hiphop"]
itunes-1470147061	J Balvin & Bad Bunny	UN PESO (feat. Marciano Cantero)	Urbano latino	2019	["latin","hiphop"]
itunes-1277937653	NATTI NATASHA & Ozuna	Criminal	Urbano latino	2016	["latin","hiphop"]
itunes-1269288097	Ozuna	Si No Te Quiere	Urbano latino	2015	["latin","hiphop"]
itunes-1269286684	Ozuna	Tu Foto	Urbano latino	2017	["latin","hiphop"]
itunes-1269287617	Ozuna	El Farsante	Urbano latino	2017	["latin","hiphop"]
itunes-1336752455	Ozuna, Mambo Kingz & DJ Luian	Solita (feat. Bad Bunny, Wisin & Almighty)	Urbano latino	2018	["latin","hiphop"]
itunes-1269287605	Ozuna	Bebé (feat. Anuel AA)	Urbano latino	2017	["latin","hiphop"]
itunes-1433977214	Ozuna	Única	Urbano latino	2018	["latin","hiphop"]
itunes-1470908606	Ozuna	Te Vas	Latin	2016	["latin"]
itunes-1269287603	Ozuna	Síguelo Bailando	Urbano latino	2017	["latin","hiphop"]
itunes-1433977219	Ozuna	La Modelo (feat. Cardi B)	Urbano latino	2017	["latin","hiphop"]
itunes-1473148905	Tainy, Anuel AA & Ozuna	Adicto	Latin	2018	["latin"]
itunes-1269287618	Ozuna	No Quiere Enamorarse	Urbano latino	2017	["latin","hiphop"]
itunes-1484376867	Lunay, Ozuna & Anuel AA	Aventura	Urbano latino	2019	["latin","hiphop"]
itunes-1269287421	Ozuna	Quiero Repetir (feat. J Balvin)	Urbano latino	2017	["latin","hiphop"]
itunes-1646180883	Ozuna	Hey Mor (feat. Feid)	Urbano latino	2022	["latin","hiphop"]
itunes-1433976958	Ozuna	Vaina Loca (feat. Manuel Turizo)	Urbano latino	2018	["latin","hiphop"]
itunes-1048181443	Maluma	Borró Cassette	Urbano latino	2015	["latin","hiphop"]
itunes-1377817652	Maluma	Felices los 4	Urbano latino	2017	["latin","hiphop"]
itunes-1461912470	Maluma	11 PM	Urbano latino	2019	["latin","hiphop"]
itunes-1048181445	Maluma	El Perdedor	Urbano latino	2015	["latin","hiphop"]
itunes-1523698843	Maluma	Hawái	Urbano latino	2020	["latin","hiphop"]
itunes-1423352367	Maluma	Mala Mía	Urbano latino	2018	["latin","hiphop"]
itunes-1377817359	Maluma	Corazón (feat. Nego do Borel)	Urbano latino	2017	["latin","hiphop"]
itunes-1048181449	Maluma	Sin Contrato	Urbano latino	2015	["latin","hiphop"]
itunes-1777477770	Maluma	Cosas Pendientes	Pop Latino	2024	["pop","latin"]
itunes-1574375217	Maluma	Sobrio	Urbano latino	2021	["latin","hiphop"]
itunes-1464573899	Reik & Maluma	Amigos con Derechos	Pop Latino	2018	["pop","latin"]
itunes-1377817636	Maluma	El Préstamo	Urbano latino	2018	["latin","hiphop"]
itunes-1460193673	KAROL G & Maluma	Créeme	Urbano latino	2018	["latin","hiphop"]
itunes-1840981862	Grupo Frontera & Maluma	POR QUÉ SERÁ	Música Mexicana	2024	["latin"]
itunes-1462788021	Maluma	La Temperatura (feat. Eli Palacios)	Latin	2013	["latin"]
itunes-1733304267	Grupo Firme & Maluma	Cada Quien	Música Mexicana	2021	["latin"]
itunes-1839980818	Rauw Alejandro	Carita Linda	Pop Latino	2025	["pop","latin"]
1447401618	Luis Fonsi & Demi Lovato	Échame La Culpa	Latin	2017	["latin"]
itunes-1603824817	Wolfine & Maluma	Bella (Remix)	Latin	2018	["latin"]
itunes-1377817643	Maluma	Marinero	Urbano latino	2018	["latin","hiphop"]
itunes-1440800032	Luis Fonsi	No Me Doy por Vencido	Pop Latino	2008	["pop","latin"]
itunes-1440800603	Luis Fonsi	Aquí Estoy Yo (feat. Noel Schajris & David Bisbal)	Pop Latino	2008	["pop","latin"]
itunes-1447401614	Luis Fonsi & Ozuna	Imposible	Pop Latino	2018	["pop","latin"]
itunes-1447401624	Luis Fonsi & Stefflon Don	Calypso	Pop Latino	2018	["pop","latin"]
itunes-1443195455	Luis Fonsi	Nada Es Para Siempre	Pop Latino	2005	["pop","latin"]
itunes-1740205846	Luis Fonsi	Andalucía	Pop Latino	2024	["pop","latin"]
itunes-1867545266	Luis Fonsi & Feid	CAMBIARÉ	Pop Latino	2026	["pop","latin"]
itunes-1443644747	Luis Fonsi	Imagíname Sin Ti	Latin	2000	["latin"]
itunes-1552305615	Luis Fonsi & Rauw Alejandro	Vacío	Pop Latino	2021	["pop","latin"]
itunes-1460442705	Luis Fonsi, Sebastián Yatra & Nicky Jam	Date La Vuelta	Pop Latino	2019	["pop","latin"]
itunes-1740206069	Luis Fonsi & Jay Wheeler	San Juan	Pop Latino	2024	["pop","latin"]
itunes-1440857389	Luis Fonsi	Llegaste Tú (feat. Juan Luis Guerra)	Pop Latino	2014	["pop","latin"]
itunes-804145419	Romeo Santos	Eres Mía	Música tropical	2014	["latin"]
itunes-1447401613	Luis Fonsi	Le Pido Al Cielo	Pop Latino	2019	["pop","latin"]
itunes-1258805543	Romeo Santos	Imitadora	Música tropical	2017	["latin"]
itunes-1860140785	Juan Gabriel & Luis Fonsi	Te Lo Pido Por Favor	Música Mexicana	2015	["latin"]
itunes-804145428	Romeo Santos	Propuesta Indecente	Música tropical	2013	["latin"]
itunes-804145420	Romeo Santos	Odio (feat. Drake)	Música tropical	2014	["latin"]
itunes-471342374	Romeo Santos	Que Se Mueran	Música tropical	2011	["latin"]
itunes-471342532	Romeo Santos	Promise (feat. Usher)	Música tropical	2011	["latin"]
itunes-471342368	Romeo Santos	La Diabla	Música tropical	2011	["latin"]
itunes-1848960624	Romeo Santos & Prince Royce	Dardos	Pop Latino	2025	["pop","latin"]
itunes-804145416	Romeo Santos	Necio (feat. Carlos Santana)	Música tropical	2014	["latin"]
itunes-804145421	Romeo Santos	Hilito	Música tropical	2014	["latin"]
itunes-1258805158	Romeo Santos	Sobredosis (feat. Ozuna)	Música tropical	2017	["latin"]
itunes-804145430	Romeo Santos	7 Días	Música tropical	2014	["latin"]
itunes-804145418	Romeo Santos	Cancioncitas de Amor	Música tropical	2014	["latin"]
itunes-471342414	Romeo Santos	Llévame Contigo	Música tropical	2011	["latin"]
itunes-1492159746	Natanael Cano	Amor Tumbado	Música Mexicana	2019	["latin"]
itunes-1458398730	Romeo Santos & El Chaval de la Bachata	Canalla	Música tropical	2019	["latin"]
itunes-1469640808	Natanael Cano	Soy el Diablo	Música Mexicana	2019	["latin"]
itunes-555426473	Romeo Santos	La Bella y la Bestia	Música tropical	2011	["latin"]
itunes-6797945955	Natanael Cano	Por Amarte Así	Música Mexicana	2026	["latin"]
itunes-6797946320	Natanael Cano	Æternum	Música Mexicana	2026	["latin"]
itunes-6797946325	Natanael Cano & Bajo Perfil	MDLD	Música Mexicana	2026	["latin"]
itunes-6797946321	Natanael Cano	Mar Azul	Música Mexicana	2026	["latin"]
itunes-1485388192	Natanael Cano	Disfruto Lo Malo	Música Mexicana	2019	["latin"]
itunes-6797946328	Natanael Cano	Frente a Frente	Música Mexicana	2026	["latin"]
itunes-1569186564	Natanael Cano	Diamantes	Música Mexicana	2021	["latin"]
itunes-1711380639	Natanael Cano	O Me Voy O Te Vas	Latin	2023	["latin"]
itunes-1459225721	Natanael Cano, Herencia de Patrones & Hijos de Garcia	El De La Codeína	Música Mexicana	2019	["latin"]
itunes-1485388199	Natanael Cano	Iniciales AL	Música Mexicana	2019	["latin"]
itunes-1498828536	Natanael Cano	No Soy lo Que Piensas (feat. Porte Diferente)	Música Mexicana	2020	["latin"]
itunes-1822615291	Natanael Cano & Gabito Ballesteros	Perlas Negras	Urbano latino	2025	["latin","hiphop"]
itunes-1485388548	Natanael Cano	Ella (feat. Junior H)	Música Mexicana	2019	["latin"]
dz_dz_2278512877_mtii5qun_c6dm	Shakira	Acróstico	Latin	2023	["latin"]
dz_dz_4015341011_mtii5qwh_oypm	Shakira	Dai Dai	Latin	2026	["latin"]
dz_dz_3871739701_mtii5rwv_sz77	Shakira	ALGO TÚ	Latin	2026	["latin"]
dz_dz_76066869_mtii5rkv_6bh8	Shakira	La La La	Latin	2014	["latin"]
dz_dz_15210161_mtii5rkv_b8uy	Shakira	Underneath Your Clothes	Latin	2001	["latin"]
dz_dz_2103405097_mtii5s12_qr7n	Bizarrap	Shakira: Bzrp Music Sessions, Vol. 53/66	Latin	2023	["latin"]
dz_dz_763308192_mtii7p5w_ew22	Wisin & Yandel	Besos Mojados	Latin	2019	["latin"]
dz_dz_7321710_mtii7p0y_gzlc	Wisin & Yandel	Ahora Es	Latin	2008	["latin"]
dz_dz_602068062_mtii7pce_f8yb	Wisin & Yandel	Reggaetón en lo Oscuro	Latin	2018	["latin"]
dz_dz_110146986_mtii7q4s_zm7r	Farruko	Chillax (feat. Ky-Mani Marley)	Latin	2015	["latin"]
dz_dz_1411181832_mtii7pnw_2yle	Farruko	Pepas	Latin	2021	["latin"]
dz_dz_4001032461_mtii7pr1_p3s4	Farruko	YAPAQUE	Latin	2026	["latin"]
dz_dz_499434222_mtii7q27_syxj	Jacob Forever	Hasta Que Se Seque el Malecón (feat. Farruko)	Latin	2018	["latin"]
dz_dz_77118391_mtii7q6a_e1wz	Farruko	Hoy (feat. Daddy Yankee, J-Alvarez & Jory)	Latin	2011	["latin"]
83090584	Daddy Yankee, Lil Jon, Noriega & Pitbull	Gasolina (Dj Buddha Remix)	Latin	2005	["latin"]
1439404212	Pitbull	El Taxi (feat. Sensato & Osmani Garcia)	Latin	2014	["latin"]
1439404180	Pitbull	Como Yo Le Doy (feat. Don Miguelo) [Spanglish Version]	Latin	2014	["latin"]
1210538366	Pitbull & J Balvin	Hey Ma (feat. Camila Cabello) [Spanish Version]	Latin	2017	["latin"]
1458679174	Pitbull, Daddy Yankee & NATTI NATASHA	No Lo Trates	Latin	2019	["latin"]
1439404290	Pitbull	Echa pa'lla (Manos Pa'rriba)	Latin	2012	["latin"]
1716786158	Deorro & Voces Del Rancho	Camarón Pelao	Latin	2023	["latin"]
1760172061	Play-N-Skillz, NATTI NATASHA & Deorro	Como La Flor	Latin	2024	["latin"]
1811235117	Plan B	Candy	Latin	2013	["latin"]
1811234712	Plan B	Fanática Sensual	Latin	2014	["latin"]
1811232661	Plan B	Si No Le Contesto	Latin	2010	["latin"]
1247228818	Arcángel	Pa' Que La Pases Bien	Latin	2008	["latin"]
1811232662	Plan B	Es un Secreto	Latin	2010	["latin"]
1811393004	Plan B	Te Acuerdas de Mí	Latin	2017	["latin"]
1811232658	Plan B	¿por Qué Te Demoras?	Latin	2010	["latin"]
1247228803	Arcángel	Por Amar a Ciegas	Latin	2008	["latin"]
1247228820	Arcángel	Ganas de Ti	Latin	2008	["latin"]
1811234710	Plan B	Choca	Latin	2014	["latin"]
1811435581	Arcángel	Hace Mucho Tiempo	Latin	2013	["latin"]
723715205	Plan B	Frikitona	Latin	2006	["latin"]
1811414906	Arcángel	Me Prefieres a Mi	Latin	2013	["latin"]
1811435591	Arcángel	Contigo Quiero Amores	Latin	2013	["latin"]
1811238013	Plan B	Te Dijeron	Latin	2012	["latin"]
1811234909	Plan B	Mi Vecinita	Latin	2014	["latin"]
1716453465	Arcángel & Grupo Frontera	ALV	Latin	2023	["latin"]
1618544068	Revol, Ozuna, Cosculluela, Arcángel & Brytiago	Me Ama Me Odia	Latin	2016	["latin"]
1811235111	Plan B	Zapatito Roto (feat. Tego)	Latin	2014	["latin"]
1811234707	Plan B	Fronteo	Latin	2014	["latin"]
1314613361	Ozuna, Daddy Yankee & Plan B	El Desorden	Latin	2017	["latin"]
1811237415	Plan B	Se Cree Mala	Latin	2012	["latin"]
1811232669	Plan B	Parisera (feat. De La Ghetto)	Latin	2010	["latin"]
1676722655	Bizarrap & Arcángel	Arcángel: Bzrp Music Sessions, Vol. 54/66	Latin	2023	["latin"]
1420251157	Nicky Jam, Bad Bunny & Arcángel	Satisfacción	Latin	2018	["latin"]
1811419702	Arcángel & DJ Luian	50 Sombras de Austin (feat. Alexio, Farruko, Genio, Pusho & Ñengo Flow)	Latin	2015	["latin"]
1470491052	Arcángel, De La Ghetto & Gigolo Y La Exce	Te Robo (Remix)	Latin	2017	["latin"]
1558956297	Sech & Arcángel	Te Acuerdas	Latin	2021	["latin"]
1790325459	Nicky Jam, Arcángel & J Balvin	Travesuras (Remix) [feat. Zion & De La Ghetto]	Latin	2014	["latin"]
1811435595	Arcángel	Sola (feat. De La Ghetto)	Latin	2013	["latin"]
1484284669	Arcángel & Myke Towers	Memoria Rota	Latin	2019	["latin"]
1528256495	Dalex, Arcángel & Manuel Turizo	+Linda (Remix) [feat. De La Ghetto & Beéle]	Latin	2020	["latin"]
1811386955	Arcángel & De La Ghetto	Más Que Ayer (Remix) [feat. RKM & Ken-Y]	Latin	2017	["latin"]
1811391549	Daddy Yankee, RKM, Ken-Y & Arcángel	Zum Zum	Latin	2018	["latin"]
1593185593	Anitta	Envolver	Latin	2021	["latin"]
6781039818	Becky G	CHULA	Latin	2026	["latin"]
1707076253	Becky G	POR EL CONTRARIO (with Leonardo Aguilar & Ángela Aguilar)	Latin	2023	["latin"]
6768420253	Becky G	EPA	Latin	2026	["latin"]
1620743998	Marca MP & Becky G	Ya acabó (Con Becky G)	Latin	2022	["latin"]
6781039830	Becky G	2AM	Latin	2026	["latin"]
1671858154	Fuerza Regida & Becky G	Te Quiero Besar	Latin	2023	["latin"]
1707075661	Becky G & Ivan Cornejo	2NDO CHANCE	Latin	2023	["latin"]
1459397731	Becky G & Maluma	La Respuesta	Latin	2019	["latin"]
1483618923	Becky G & Paulo Londra	Cuando Te Besé	Latin	2018	["latin"]
1483618284	Becky G	MALA SANTA	Latin	2019	["latin"]
1569483327	Becky G & El Alfa	FULANITO	Latin	2022	["latin"]
1679797483	Becky G & Peso Pluma	CHANEL	Latin	2023	["latin"]
1674907698	Becky G	Arranca (feat. Omega)	Latin	2023	["latin"]
1531721270	Anitta	Me Gusta (with Cardi B & Myke Towers)	Latin	2020	["latin"]
1243044908	Anitta	Paradinha	Brazilian	2017	["latin"]
1368817220	J Balvin, Jeon & Anitta	Machika	Latin	2018	["latin"]
1568003667	Lunay & Anitta	TODO O NADA	Latin	2021	["latin"]
1608166512	Anitta & Justin Quiles	Envolver Remix	Latin	2022	["latin"]
1458023945	Anitta & Becky G	Banana	Latin	2016	["latin"]
1447180401	Maluma, Becky G & Anitta	Mala Mía (Remix)	Latin	2018	["latin"]
1450987071	NATTI NATASHA & Anitta	Te Lo Dije	Latin	2019	["latin"]
1516243227	Anitta	Tócame (feat. Arcangel & De La Ghetto)	Latin	2020	["latin"]
1631026084	TINI, Becky G & Anitta	La Loto	Latin	2022	["latin"]
1472240887	Ozuna & Anitta	Muito Calor	Latin	2019	["latin"]
1440914476	Calibre 50	Siempre Te Voy A Querer	Música Mexicana	2016	["latin"]
1222097824	Banda MS de Sergio Lizárraga	El Color de Tus Ojos	Música Mexicana	2017	["latin"]
1247181753	Banda MS de Sergio Lizárraga	No Me Pidas Perdón	Música Mexicana	2014	["latin"]
1444042197	Calibre 50	Contigo	Latin	2014	["latin"]
1247181752	Banda MS de Sergio Lizárraga	Háblame De Ti	Música Mexicana	2014	["latin"]
1231987587	Banda MS de Sergio Lizárraga	Me Vas a Extrañar	Música Mexicana	2016	["latin"]
1444041847	Calibre 50	Tus Latidos	Latin	2014	["latin"]
1469479726	Calibre 50	Si Te Pudiera Mentir	Música Mexicana	2019	["latin"]
1247181756	Banda MS de Sergio Lizárraga	A Lo Mejor	Música Mexicana	2014	["latin"]
1231987586	Banda MS de Sergio Lizárraga	Solo Con Verte	Música Mexicana	2015	["latin"]
1231987594	Banda MS de Sergio Lizárraga	Tengo Que Colgar	Música Mexicana	2016	["latin"]
1443525055	Calibre 50	El Tierno Se Fue	Música Mexicana	2011	["latin"]
1443466206	Banda MS de Sergio Lizárraga	Mi Mayor Anhelo	Música Mexicana	2006	["latin"]
6767450398	Banda MS de Sergio Lizárraga	Hermosa Experiencia	Música Mexicana	2013	["latin"]
1445178946	Calibre 50	Amor del Bueno	Música Mexicana	2016	["latin"]
1222097925	Banda MS de Sergio Lizárraga	Tu Postura	Música Mexicana	2017	["latin"]
1443473556	Calibre 50	Ni Que Estuvieras Tan Buena	Música Mexicana	2013	["latin"]
1462102129	Calibre 50	Simplemente Gracias	Música Mexicana	2019	["latin"]
1443521948	Banda MS de Sergio Lizárraga	Mi Olvido	Música Mexicana	2011	["latin"]
1443633703	Calibre 50	Javier el de los Llanos	Música Mexicana	2013	["latin"]
1443525048	Calibre 50	Te Estoy Engañando Con Otra	Música Mexicana	2011	["latin"]
1435866013	Banda MS de Sergio Lizárraga	Por Mí No Te Detengas	Música Mexicana	2018	["latin"]
1548780461	Calibre 50	A La Antigüita	Música Mexicana	2021	["latin"]
1222097827	Banda MS de Sergio Lizárraga	Las Cosas No Se Hacen Así	Música Mexicana	2017	["latin"]
1445284738	Calibre 50	Corrido de Juanito	Música Mexicana	2017	["latin"]
1469479719	Calibre 50	Salió a la Perfección	Música Mexicana	2019	["latin"]
1435865830	Banda MS de Sergio Lizárraga	Mejor Me Alejo	Música Mexicana	2018	["latin"]
1247181747	Banda MS de Sergio Lizárraga	Me Gusta Tu Vieja	Música Mexicana	2014	["latin"]
1445302071	Calibre 50	Aunque Ahora Estés Con Él	Latin	2015	["latin"]
1392790345	Calibre 50	¿Por Qué Cambiaste De Opinión?	Música Mexicana	2018	["latin"]
1548780465	Calibre 50	Te Volvería A Elegir	Música Mexicana	2021	["latin"]
1392790341	Calibre 50	Mi Sorpresa Fuiste Tú	Música Mexicana	2018	["latin"]
1222097825	Banda MS de Sergio Lizárraga	Es Tuyo Mi Amor	Música Mexicana	2017	["latin"]
1469479716	Calibre 50	Chalito	Música Mexicana	2019	["latin"]
1731059948	Shakira & Cardi B	Puntería	Latin	2024	["latin"]
1218648818	J Alvarez	La Pregunta	Latin	2011	["latin"]
1218648806	J Alvarez	Junto al Amanecer	Latin	2010	["latin"]
1218649017	J Alvarez	Sexo, Sudor y Calor (feat. Ñejo & Dalmata)	Latin	2011	["latin"]
1872767866	El Alfa, De La Ghetto & Zion	PANTI Y COLALE 2.0 (feat. DJ Chulo NYC, El Cherry Scom, La Greña & RONNY GTA)	Latin	2026	["latin"]
588963700	J Alvarez	Se Acabó El Amor	Latin	2012	["latin"]
1359506944	DJ Luian, Mambo Kingz & De La Ghetto	La Ocasión (feat. Arcángel, Ozuna & Anuel AA)	Latin	2018	["latin"]
366731881	J Alvarez & Arcángel	Regalame una Noche	Latin	2010	["latin"]
1177151572	J Alvarez	El Duelo	Latin	2012	["latin"]
6796406638	Tito El Bambino, Jowell & Randy & De La Ghetto	Siente El Boom (Remix)	Latin	2006	["latin"]
1790326112	Nicky Jam & De La Ghetto	Si Tú No Estás	Latin	2014	["latin"]
1224826234	J Alvarez	Esa Boquita	Latin	2017	["latin"]
1177151676	J Alvarez	La Temperatura	Latin	2012	["latin"]
1170748535	J Alvarez	La Película (feat. Cosculluela)	Latin	2015	["latin"]
1489236226	J Alvarez	Tentándome (feat. Anuel AA)	Latin	2016	["latin"]
1170748655	J Alvarez	Quiero Olvidar	Latin	2015	["latin"]
1526780024	Nicolas Mayorca & J Alvarez	Sirena	Latin	2018	["latin"]
1468029353	J Alvarez & El Alfa	Me Da lo Mismo	Latin	2015	["latin"]
1627762018	Polimá Westcoast, Pailita, Feid, Paloma Mami & De La Ghetto	ULTRA SOLO Remix	Latin	2022	["latin"]
1527586396	De La Ghetto & Nicky Jam	Sube la Music	Latin	2020	["latin"]
1354938395	J Alvarez	De la Mia Personal	Latin	2015	["latin"]
1218648560	J Alvarez	No Demores (feat. Farruko)	Latin	2012	["latin"]
1511803800	J Alvarez	La Cura	Latin	2016	["latin"]
1434468135	De La Ghetto, Daddy Yankee & Ozuna	La Fórmula (feat. Chris Jeday)	Latin	2017	["latin"]
1406467187	Bryant Myers, De La Ghetto, Darell & Almighty	Ojalá	Latin	2018	["latin"]
692258096	De La Ghetto	Ahí Ahí Ahí	Latin	2013	["latin"]
1434468141	De La Ghetto	Todo el Amor (feat. Maluma & Wisin)	Latin	2018	["latin"]
692257806	De La Ghetto	Relajate Conmigo (feat. Arcángel)	Latin	2013	["latin"]
1445837285	Wisin & Yandel, Cosculluela, Tego Calderón, De La Ghetto & Franco "El Gorilla"	La Reunión de los Vaqueros	Latin	2011	["latin"]
1495382573	Arcángel, De La Ghetto & Luny Tunes	Mi Fanática	Latin	2006	["latin"]
1653855609	Bizarrap & Duki	Duki: Bzrp Music Sessions, Vol. 50/66	Latin	2022	["latin"]
1500777233	Bad Bunny, Duki & Pablo Chill-E	Hablamos Mañana	Latin	2020	["latin"]
1556901915	Bizarrap & L-Gante	L-Gante: Bzrp Music Sessions, Vol.38/66	Latin	2021	["latin"]
1570722393	Bandido, Duki & Rei	No Me Conocen (con Duki, Rei & Tiago PZK) [feat. Tiago pzk] [Remix]	Latin	2021	["latin"]
1575808031	Emilia & Duki	Como Si No Importara	Latin	2021	["latin"]
1590054115	Fuego, Manuel Turizo & Duki	Una Vaina Loca	Latin	2021	["latin"]
1570702728	MYA, TINI & Duki	2:50 Remix	Latin	2021	["latin"]
1687418898	LIT killah, Tiago PZK, Maria Becerra, Duki, Emilia, Rusherking, Big One & FMK	Los del Espacio	Latin	2023	["latin"]
1635422908	Duki & Mora	Amor Bipolar	Latin	2022	["latin"]
1620432304	Duki	Antes de Perderte	Latin	2022	["latin"]
1586406455	Duki, Justin Quiles & Bizarrap	Unfollow	Latin	2021	["latin"]
1635422912	Duki	Celosa	Latin	2022	["latin"]
1707868251	Duki	TROYA	Latin	2023	["latin"]
1622716984	Morat & Duki	París	Latin	2022	["latin"]
1790276048	Rusherking & Duki	Bailando Te Conocí	Latin	2021	["latin"]
1440652265	Juanes	La Camisa Negra	Latin	2004	["latin"]
1466105422	Cazzu, Duki & Neo Pistea	La Clase (feat. Ysy A)	Latin	2019	["latin"]
1440785267	Juanes	Es por Ti	Latin	2002	["latin"]
1440785264	Juanes	A Dios le Pido	Latin	2002	["latin"]
1677446410	Eslabon Armado & Peso Pluma	Ella Baila Sola	Música Mexicana	2023	["latin"]
1440652552	Juanes	Volverte a Ver	Latin	2004	["latin"]
1583053082	Matisse & Carín León	Como Lo Hice Yo	Música Mexicana	2021	["latin"]
1440652267	Juanes	Nada Valgo Sin Tu Amor	Latin	2004	["latin"]
1793946422	Neton Vega & Peso Pluma	Morena	Música Mexicana	2025	["latin"]
1888520455	Carín León	El Malo	Latin	2019	["latin"]
1440927120	Los Ángeles Azules	Cómo Te Voy a Olvídar	Música Mexicana	1996	["latin"]
1888536731	Carín León	Estos Tragos Van Por Ti	Latin	2019	["latin"]
1888593289	Carín León	Cobarde	Latin	2021	["latin"]
1442825786	Juanes	Me Enamora	Latin	2007	["latin"]
1800785982	Los Ángeles Azules & Natalia Lafourcade	Nunca Es Suficiente	Latin	2018	["latin"]
1648970621	Luis R Conriquez, Tony Aguirre & Peso Pluma	El Gavilán	Música Mexicana	2022	["latin"]
1440652258	Juanes	Para Tu Amor	Latin	1988	["latin"]
1671067741	Junior H & Peso Pluma	El Azul	Latin	2023	["latin"]
1624810627	Juanes	Fotografía	Latin	2003	["latin"]
1440785274	Juanes	La Paga	Latin	2002	["latin"]
1745386771	Peso Pluma	Lo Que Me Das	Música Mexicana	2021	["latin"]
1373329683	Raymix & Juanes	Oye Mujer	Música Mexicana	2018	["latin"]
1440785286	Juanes	Mala Gente	Latin	2002	["latin"]
1440927485	Los Ángeles Azules	17 Años	Música Mexicana	1999	["latin"]
1440927123	Los Ángeles Azules	Mi Niña Mujer	Música Mexicana	2018	["latin"]
1442825793	Juanes	Gotas de Agua Dulce	Latin	2008	["latin"]
1440927117	Los Ángeles Azules	El Listón de Tu Pelo	Música Mexicana	1999	["latin"]
1482843060	Juanes & Sebastián Yatra	Bonita	Latin	2019	["latin"]
1482842962	Juanes & Christian Nodal	Tequila	Latin	2019	["latin"]
1860140757	Juan Gabriel & Juanes	Querida	Música Mexicana	1972	["latin"]
1482843080	Juanes	La Plata (feat. Lalo Ebratt)	Latin	2019	["latin"]
1444852221	Juanes	Fuego	Latin	2016	["latin"]
1443279007	Juanes	El Ratico (feat. Kali Uchis)	Latin	2017	["latin"]
1388852322	Juanes	Pa Dentro	Latin	2018	["latin"]
1443279480	Juanes	Es Tarde	Latin	2017	["latin"]
1800832902	Los Ángeles Azules & Maria Becerra	El Amor De Mi Vida	Música Mexicana	2023	["latin"]
1800833238	Los Ángeles Azules & Ximena Sariñana	Mis Sentimientos	Latin	2013	["latin"]
1443734251	Juanes	Fíjate Bien	Latin	2000	["latin"]
1803244395	Los Ángeles Azules, Belinda & Lalo Ebratt	Amor A Primera Vista (feat. Horacio Palencia)	Música Mexicana	2019	["latin"]
1440927475	Los Ángeles Azules	20 Rosas	Música Mexicana	1999	["latin"]
1747011711	Los Ángeles Azules & Emilia	Perdonarte ¿Para Qué?	Música Mexicana	2024	["latin"]
1800832901	Los Ángeles Azules, Cazzu & Santa Fe Klan	Tú Y Tú	Música Mexicana	2023	["latin"]
1443504447	Los Ángeles Azules	Me Haces Falta Tú	Música Mexicana	2018	["latin"]
1563170892	Guaynaa & Los Ángeles Azules	Cumbia A La Gente	Latin	2021	["latin"]
1803255154	Los Ángeles Azules, Ana Torroja & MC Davo	Ay Amor	Música Mexicana	2016	["latin"]
1800785986	Los Ángeles Azules & Los Claxons	Antes Que Al Mío	Latin	2018	["latin"]
1800506486	Los Ángeles Azules & Kenia Os	Una Nada Más	Música Mexicana	2025	["latin"]
1800833373	Los Ángeles Azules & NICKI NICOLE	Otra Noche	Música Mexicana	2021	["latin"]
1800786140	Los Ángeles Azules & Pepe Aguilar	Ni Contigo, Ni Sin Ti	Latin	2018	["latin"]
1443531811	Los Tigres del Norte	Contrabando y Traición	Música Mexicana	1984	["latin"]
1403564548	Los Tigres del Norte	La Mesa del Rincón	Latin	1994	["latin"]
454421255	Los Tucanes de Tijuana	El Centenario	Latin	1995	["latin"]
1403564221	Los Tigres del Norte	La Puerta Negra	Música Mexicana	1986	["latin"]
1301508731	Los Tucanes de Tijuana	Mis Tres Animales	Latin	1995	["latin"]
1442962140	Los Tigres del Norte	Jefe de Jefes	Música Mexicana	1997	["latin"]
1443537407	Los Tigres del Norte	Ni Parientes Somos	Música Mexicana	1989	["latin"]
1501069578	Los Tucanes de Tijuana	Amor Platónico	Música Mexicana	1998	["latin"]
1678140550	Los Tucanes de Tijuana	La Chona	Música Mexicana	2023	["latin"]
6803738395	Los Tigres del Norte	Prisions De Amor	Música Mexicana	2026	["latin"]
1403562908	Los Tigres del Norte	La Banda Del Carro Rojo	Música Mexicana	1975	["latin"]
1403566802	Los Tigres del Norte	Golpes en el Corazón	Música Mexicana	1995	["latin"]
1403592409	Los Tigres del Norte	La Jaula De Oro	Música Mexicana	1984	["latin"]
1501069576	Los Tucanes de Tijuana	Espejeando	Música Mexicana	1998	["latin"]
1403601809	Los Tigres del Norte	La Luz De Tus Ojos	Música Mexicana	2001	["latin"]
6766589100	Los Tucanes de Tijuana, Maffio & Izaak G	Andamos Ready	Música Mexicana	2026	["latin"]
1257955844	Los Tucanes de Tijuana	A Mover El Bote	Música Mexicana	2017	["latin"]
1443525640	Los Tigres del Norte	Tu Cárcel (feat. Marco Antonio Solís) [En Vivo]	Música Mexicana	2015	["latin"]
1447750426	Los Tucanes de Tijuana	Suena La Banda (En Vivo)	Latin	2018	["latin"]
1403592411	Los Tigres del Norte	Qué Te Hizo Olvidarme	Latin	1984	["latin"]
1452948818	Los Tucanes de Tijuana	La Chona Challenge	Música Mexicana	2019	["latin"]
1403564230	Los Tigres del Norte	Popurrí Mexicano	Música Mexicana	1986	["latin"]
1501069244	Los Tucanes de Tijuana	La Venganza De Sarita	Música Mexicana	2016	["latin"]
1501068983	Los Tucanes de Tijuana	El Gavioton	Música Mexicana	1995	["latin"]
1301514741	Los Tucanes de Tijuana	La Nacha Bustos	Música Mexicana	2004	["latin"]
1443537412	Los Tigres del Norte	Corazón de Oro	Música Mexicana	2001	["latin"]
1301514734	Los Tucanes de Tijuana	Estoy a Dieta	Música Mexicana	2000	["latin"]
1764619750	Los Tucanes de Tijuana	Sangre Potosina	Música Mexicana	2024	["latin"]
1443090723	Los Tigres del Norte	Qué Tal Si Eres Tú	Latin	2014	["latin"]
454421394	Los Tucanes de Tijuana	Las Maquiladoras	Latin	1995	["latin"]
1501069010	Los Tucanes de Tijuana	Gira Por Texas	Música Mexicana	1995	["latin"]
1443665163	Los Tigres del Norte	Cruz de Palo	Música Mexicana	2000	["latin"]
1403568417	Los Tigres del Norte	Tumba Falsa	Música Mexicana	1993	["latin"]
1403932123	Los Tigres del Norte	Los Barandales Del Puente	Música Mexicana	1976	["latin"]
1301468979	Los Tucanes de Tijuana	Es Verdad (En Vivo)	Música Mexicana	1995	["latin"]
1403568401	Los Tigres del Norte	Pacas de a Kilo	Música Mexicana	1993	["latin"]
1403592612	Los Tigres del Norte	Pedro Y Pablo	Música Mexicana	1984	["latin"]
itunes_1269665793_y0ht	Yandel	Explícale (feat. Bad Bunny)	Latin	2017	["latin"]
itunes_1308517161_0eer	Wisin	Escápate Conmigo (feat. Ozuna, Bad Bunny, De La Ghetto, Arcángel, Noriel & Almighty) [Remix]	Latin	2017	["latin"]
itunes_1225663087_edk2	Bad Bunny, Mambo Kingz & DJ Luian	Me Mata (feat. Arcángel, Almighty, Bryant Myers, Noriel, Baby Rasta & Brytiago)	Latin	2017	["latin"]
itunes_1622045961_z9bp	Bad Bunny	Enséñame a Bailar	Latin	2022	["latin"]
itunes_1447555306_dzav	Bad Bunny	Estamos Bien	Latin	2018	["latin"]
itunes_1787023670_hvi4	Bad Bunny	TURiSTA	Latin	2025	["latin"]
itunes_1500776929_be18	Bad Bunny	A Tu Merced	Latin	2020	["latin"]
itunes_1512629481_zq2r	Bad Bunny	BENDICIONES	Latin	2020	["latin"]
itunes_1622046237_3xpl	Bad Bunny	Me Fui de Vacaciones	Latin	2022	["latin"]
itunes_1500776940_r5m2	Bad Bunny	25/8	Latin	2020	["latin"]
itunes_1500776329_veui	Bad Bunny	Pero Ya No	Latin	2020	["latin"]
itunes_1470146793_wjiy	J Balvin & Bad Bunny	YO LE LLEGO	Latin	2019	["latin"]
itunes_1470146798_2w5s	J Balvin & Bad Bunny	CUIDAO POR AHÍ	Latin	2019	["latin"]
itunes_1445056583_h7jl	Daddy Yankee & Bad Bunny	Vuelve	Latin	2017	["latin"]
itunes_1575007990_qydm	Bad Bunny	De Museo	Latin	2021	["latin"]
itunes_1775463297_1y6c	Rauw Alejandro & Mr. Naisgai	Pasaporte	Latin	2024	["latin"]
itunes_1442622402_xq9e	Ozuna	Luz Apaga (feat. Lunay, Rauw Alejandro & Lyanno)	Latin	2018	["latin"]
itunes_1536862161_m3e7	Rauw Alejandro	Enchule	Latin	2020	["latin"]
itunes_1437321000_unfm	Marc Anthony, Will Smith & Bad Bunny	Está Rico	Latin	2018	["latin"]
itunes_1839980821_olkx	Rauw Alejandro	GuabanSexxx	Latin	2025	["latin"]
itunes_1465146476_ph9e	Rauw Alejandro	Al Mismo Tiempo	Latin	2019	["latin"]
itunes_1555142229_fdzq	Maluma, Rauw Alejandro & Beéle	Aloha (feat. Darell, Mambo Kingz & DJ Luian)	Latin	2021	["latin"]
itunes_1504274066_wdh6	Rauw Alejandro, Dalex & Lenny Tavárez	Elegí (feat. Dímelo Flow)	Latin	2020	["latin"]
itunes_1882157609_oew9	Rvssian, Rauw Alejandro & Wizkid	PONGO	Latin	2025	["latin"]
itunes_1596868390_9h1d	Rauw Alejandro	Nubes	Latin	2021	["latin"]
itunes_1496282613_jtda	Rauw Alejandro	Tattoo	Latin	2020	["latin"]
itunes_1536862273_v0uq	Rauw Alejandro	Algo Mágico	Latin	2020	["latin"]
itunes_1888597358_dpz7	Alex Rose, Rauw Alejandro & Lenny Tavárez	Toda (Remix) [feat. Lyanno & Cazzu]	Latin	2018	["latin"]
itunes_1631691624_7hsu	Tainy & Rauw Alejandro	Sci-Fi	Latin	2022	["latin"]
itunes_1762921380_3b91	Chencho Corleone & Rauw Alejandro	Dolida	Latin	2024	["latin"]
itunes_1775463302_5dwu	Rauw Alejandro	Touching The Sky	Latin	2024	["latin"]
itunes_1695651426_l2st	Rauw Alejandro	NO ME SORPRENDE	Latin	2023	["latin"]
itunes_1446646481_qtjq	Rauw Alejandro & Nicky Jam	Que Le Dé	Latin	2019	["latin"]
itunes_1596868406_9a9k	Rauw Alejandro & Tainy	¿Cuándo Fue?	Latin	2021	["latin"]
itunes_1470681563_svys	Rauw Alejandro	Detective	Latin	2019	["latin"]
itunes_1665295351_gam5	Rauw Alejandro	VERDE MENTA	Latin	2022	["latin"]
itunes_1440722221_t9p5	Enrique Iglesias	Dirty Dancer (feat. Usher)	Latin	2010	["latin"]
itunes_1521763199_pstk	Enrique Iglesias	Por Amarte	Latin	1995	["latin"]
itunes_1577659835_jf72	Reik & Rauw Alejandro	Loquita	Latin	2021	["latin"]
itunes_1585690484_9twi	Enrique Iglesias	PENDEJO	Latin	2021	["latin"]
itunes_1440722220_y48p	Enrique Iglesias	Heartbeat (feat. Nicole Scherzinger)	Latin	2010	["latin"]
itunes_1521762852_ovux	Enrique Iglesias	Enamorado Por Primera Vez	Latin	1996	["latin"]
itunes_1442963492_fo8d	Enrique Iglesias	Heart Attack	Latin	2013	["latin"]
itunes_1708079086_fs5s	Enrique Iglesias & Maria Becerra	ASI ES LA VIDA	Latin	2023	["latin"]
itunes_1440800487_s8xm	Enrique Iglesias	Takin' Back My Love (feat. Ciara)	Latin	2008	["latin"]
itunes_1893107635_tgiy	Enrique Iglesias	Do You Know? (The Ping Pong Song)	Latin	2007	["latin"]
itunes_1440722226_zig0	Enrique Iglesias	No Me Digas Que No (feat. Wisin & Yandel)	Latin	2010	["latin"]
itunes_1440722441_hl6n	Enrique Iglesias	Ayer	Latin	2010	["latin"]
itunes_1553930913_9nit	Enrique Iglesias	¿Dónde Están Corazón?	Latin	2008	["latin"]
itunes_1443804105_zl9x	Enrique Iglesias	Quizás	Latin	2002	["latin"]
itunes_1585690489_l331	Enrique Iglesias	ME PASE (feat. Farruko)	Latin	2021	["latin"]
itunes_868199261_qxx5	Becky G	Shower	Latin	2014	["latin"]
itunes_1443751813_o25p	Enrique Iglesias & Juan Luis Guerra	Cuando Me Enamoro	Latin	2010	["latin"]
itunes_1443752176_4jie	Enrique Iglesias	Tonight (I'm Lovin' You) [feat. Ludacris & DJ Frank E]	Latin	2010	["latin"]
itunes_1455672632_7f1h	Jon Z & Enrique Iglesias	DESPUÉS QUE TE PERDÍ	Latin	2019	["latin"]
itunes_1439267949_55st	DJ Luian, Mambo Kingz & Anuel AA	Bubalú (feat. Becky G & Prince Royce)	Latin	2018	["latin"]
itunes_1620065528_w5nd	Becky G	BAILÉ CON MI EX	Latin	2022	["latin"]
itunes_564020976_kiin	Cher Lloyd	Oath (feat. Becky G)	Latin	2011	["latin"]
itunes_1483618930_gtbc	Becky G & NATTI NATASHA	Sin Pijama	Latin	2018	["latin"]
itunes_982010092_tbqa	Becky G	Lovin' So Hard	Latin	2015	["latin"]
itunes_1457062811_w34v	Kane Brown & Becky G	Lost in the Middle of Nowhere (Spanish Remix)	Latin	2019	["latin"]
itunes_1812040709_eres	Becky G & Manuel Turizo	QUE HACES	Latin	2025	["latin"]
itunes_1461303982_f7do	Mau y Ricky & KAROL G	Mi Mala (feat. Becky G, Leslie Grace & Lali) [Remix]	Latin	2018	["latin"]
itunes_556170111_n0ox	Becky G	Problem (From "Hotel Transylvania") [The Monster Remix] (feat. will.i.am.)	Latin	2012	["latin"]
itunes_1701045441_wr1v	Juhn, Lenny Tavárez & Becky G	Otro Día Lluvioso (feat. Dalex)	Latin	2020	["latin"]
itunes_6781039821_0wh3	Becky G	FACTOS	Latin	2026	["latin"]
itunes_1707075742_049z	Becky G & DannyLux	CRIES IN SPANISH	Latin	2023	["latin"]
itunes_1620066086_lgko	Becky G	NO MIENTEN	Latin	2022	["latin"]
itunes_1289935042_mly2	Leslie Grace & Becky G	Díganle	Latin	2017	["latin"]
itunes_1598660577_t1l1	j-hope	Chicken Noodle Soup (feat. Becky G)	Latin	2019	["latin"]
itunes_1439078933_t3bp	C. Tangana, Becky G & Alizzz	Booty	Latin	2018	["latin"]
itunes_1127069635_tc6j	Becky G	Sola	Latin	2016	["latin"]
itunes_1717680444_v28n	Tyla & Becky G	On My Body	Latin	2024	["latin"]
itunes_1425973206_5ijs	Leslie Grace, Becky G & CNCO	Díganle (Tainy Remix)	Latin	2018	["latin"]
itunes_1737828708_hoo7	Becky G & Oscar Maydon	MERCEDES	Latin	2024	["latin"]
itunes_1537405913_pvq4	Becky G & Ozuna	No Drama	Latin	2020	["latin"]
itunes_1413299280_pweo	Becky G	Zooted (feat. French Montana & Farruko)	Latin	2018	["latin"]
itunes_6781039826_plz5	Becky G	PERREO TRISTE	Latin	2026	["latin"]
itunes_6803584891_eoz6	3BallMTY	Quiero Bailar (All Through the Night) [feat. Becky G]	Latin	2013	["latin"]
itunes_1422880240_rji8	Super Yei	La Forma en Que Me Miras (feat. Sammy, Myke Towers, Lenny Tavárez & Rafa Pabön)	Latin	2018	["latin"]
itunes_1479888342_9bt3	Rvssian, Darell & Zion & Lennox	B11 (feat. Myke Towers)	Latin	2019	["latin"]
itunes_1494960011_rt7r	Carlos Rivera, Becky G & Pedro Capó	Perdiendo la Cabeza	Latin	2020	["latin"]
itunes_1515796768_f6wl	Prince Royce	Carita de Inocente (Remix) [feat. Myke Towers]	Latin	2020	["latin"]
itunes_6800003928_w30x	Myke Towers	CARITA FELIZ	Latin	2026	["latin"]
itunes_1536623800_exd0	Farruko, Sech & Myke Towers	La Tóxica (feat. Jay Wheeler & Tempo) [Remix]	Latin	2020	["latin"]
itunes_1498843845_akir	NATTI NATASHA, Nicky Jam & Manuel Turizo	Despacio (feat. Myke Towers, DJ Luian & Mambo Kingz)	Latin	2020	["latin"]
itunes_1438709901_7zwi	Darkiel, Eladio Carrión, Brray, Myke Towers & Yann'C	Sigue Bailándome	Latin	2018	["latin"]
itunes_1516367896_mrml	Myke Towers & Yandel	Mayor	Latin	2020	["latin"]
itunes_1888602361_jf2a	Alex Rose, Myke Towers & Miky Woodz	Sigues Preguntando (feat. Jory Boy & J Alvarez) [Remix]	Latin	2019	["latin"]
itunes_1470125391_78bi	Piso 21 & Myke Towers	Una Vida Para Recordar	Latin	2019	["latin"]
itunes_1543143098_3mkz	El Alfa, Farruko & Myke Towers	Singapur (Remix) [feat. Chencho Corleone & Justin Quiles]	Latin	2020	["latin"]
itunes_1568758026_iyr1	Luis Fonsi & Myke Towers	Bésame	Latin	2021	["latin"]
itunes_1873055584_5l05	W Sound, Myke Towers & Ovy On the Drums	5 Estrellas - W Sound 23	Latin	2026	["latin"]
itunes_1692372947_x6o5	De La Ghetto & Myke Towers	Me Dijeron	Latin	2023	["latin"]
itunes_1495086768_es1d	Wisin & Yandel, Yandel & Farruko	3G (Remix) [feat. Jon Z, Don Chezina, Chencho Corleone & Myke Towers]	Latin	2020	["latin"]
itunes_1592056996_x8ut	Camila Cabello, Myke Towers & Tainy	Oh Na Na	Latin	2021	["latin"]
itunes_1657390881_9ngz	Quevedo & Myke Towers	Playa Del Inglés	Latin	2022	["latin"]
itunes_1550877483_sknn	Selena Gomez	Dámelo To’ (feat. Myke Towers)	Latin	2021	["latin"]
itunes_1459898552_ab5w	Dylan Fuentes, Myke Towers & Dayme y El High	Ajena	Latin	2019	["latin"]
itunes_1690671361_akep	El Alfa, Yandel & Myke Towers	Dembow y Reggaeton	Latin	2019	["latin"]
itunes_1564854715_zpkp	Lunay, Brytiago & Revol	Fantasía Sexual (feat. Myke Towers & Rauw Alejandro)	Latin	2021	["latin"]
itunes_1689873609_oqfc	El Alfa & Peso Pluma	PLEBADA	Latin	2023	["latin"]
itunes_1727430102_8yu9	Peso Pluma	Por Las Noches	Latin	2021	["latin"]
itunes_1888707301_du6k	Kanye West & Peso Pluma	LAST BREATH	Latin	2026	["latin"]
itunes_1674254778_l4p8	Peso Pluma & NICKI NICOLE	Por las Noches (Remix)	Latin	2023	["latin"]
itunes_1776946237_bwlh	Jaziel Avilez, Codiciado & Peso Pluma	Ando Enfocado	Latin	2024	["latin"]
itunes_1620609720_b3a8	Peso Pluma, Tornillo & Polo González	Sentosa (feat. Garena Free Fire)	Latin	2022	["latin"]
itunes_1730130249_corw	Junior H & Peso Pluma	A Tu Manera	Latin	2024	["latin"]
itunes_1776284759_1mp5	Jasiel Nuñez & Peso Pluma	EN MI MUNDO	Latin	2024	["latin"]
itunes_1746983714_14r0	Gabito Ballesteros & Peso Pluma	Sin Yolanda	Latin	2024	["latin"]
itunes_1721943265_vg4u	Luis R Conriquez & Peso Pluma	Pixelados	Latin	2024	["latin"]
itunes_1837257406_u2ou	Los Plebes del Rancho de Ariel Camacho & Peso Pluma	Haciendo Memoria	Latin	2025	["latin"]
itunes_1745386764_btp3	Peso Pluma	La Melena	Latin	2021	["latin"]
itunes_1745386781_257s	Peso Pluma	La Encontré	Latin	2021	["latin"]
itunes_1739396764_7e91	Chencho Corleone & Peso Pluma	HUMO	Latin	2024	["latin"]
itunes_6768752008_gb0m	RØZ & Peso Pluma	DAYTONA	Latin	2026	["latin"]
itunes_1814217287_a50s	RØZ & Peso Pluma	Apaga la luz	Latin	2025	["latin"]
itunes_1838014020_8ywp	Peso Pluma & Los Plebes del Rancho de Ariel Camacho	Haciendo Memoria	Latin	2025	["latin"]
itunes_1745387289_bkva	Peso Pluma	Con Dinero Baila El Perro	Latin	2021	["latin"]
itunes_1712936969_xwk5	Arcángel & Peso Pluma	LA CHAMBA	Latin	2023	["latin"]
itunes_1745387512_bi6c	Peso Pluma	Les Cuesta	Latin	2021	["latin"]
itunes_1654052400_6pq6	Peso Pluma	Spiral	Latin	2021	["latin"]
itunes_1745387059_6jbc	Peso Pluma	El Chuletas	Latin	2021	["latin"]
itunes_1694570718_k0f4	Gera MX, Peso Pluma & Herencia de Patrones	Feria en el Sobre	Latin	2023	["latin"]
itunes_1745387072_wl6o	Peso Pluma	No Está Fácil	Latin	2021	["latin"]
itunes_6786373415_w1cj	Jasiel Nuñez & Peso Pluma	Adicción	Latin	2026	["latin"]
itunes_1745387279_jqds	Peso Pluma & Hector Rubio	Mil Historias	Latin	2020	["latin"]
itunes_1498828287_h2p5	Natanael Cano	Seca Tus Lágrimas (feat. Junior H)	Latin	2020	["latin"]
itunes_1745387297_q0sp	Peso Pluma	Y Qué?	Latin	2021	["latin"]
itunes_1727554515_upyq	Peso Pluma	Omnia (feat. Choforo)	Latin	2020	["latin"]
itunes_1727555391_wcfz	Peso Pluma	Yo Ando Agusto	Latin	2020	["latin"]
itunes_1659918862_586o	El Chachito & Junior H	En Paris	Latin	2022	["latin"]
itunes_1530117020_77gt	Junior H	Se Quedan Viendo	Latin	2020	["latin"]
itunes_1748689688_448f	Oscar Maydon & Junior H	Volver Al Futuro	Latin	2024	["latin"]
itunes_1876715334_qc9a	Junior H & Gael Valenzuela	NO TE DOLIO	Latin	2025	["latin"]
itunes_1530113107_28qc	Junior H	Clave Ali	Latin	2020	["latin"]
itunes_1530113108_1okp	Junior H	La Ví Llorar	Latin	2020	["latin"]
itunes_1500348443_ixzw	LEGADO 7	Ojos de Maniaco (feat. Junior H)	Latin	2020	["latin"]
itunes_1622074676_hazb	Eslabon Armado & Junior H	DOS MORRITAS	Latin	2022	["latin"]
itunes_1844693677_z1kq	Grupo Frontera & Junior H	EN ALTAVOZ	Latin	2023	["latin"]
itunes_1569186568_kb7x	Natanael Cano & Junior H	El F	Latin	2021	["latin"]
itunes_1530117029_3xq2	Junior H	La Piel Rayada	Latin	2020	["latin"]
itunes_1712878158_vzm5	Grupo Marca Registrada & Junior H	Mafiosa	Latin	2023	["latin"]
itunes_1530112941_4pva	Junior H	Intro	Latin	2020	["latin"]
itunes_1876715326_f7dx	Junior H & Gael Valenzuela	CHOLO	Latin	2026	["latin"]
itunes_1458867607_041k	Junior H	No He Cambiado	Latin	2019	["latin"]
itunes_1608887716_e71d	Junior H	Nací Para Amarte	Latin	2021	["latin"]
itunes_1553173896_reve	Junior H	La Bestia	Latin	2021	["latin"]
itunes_1707233175_r8km	Oscar Maydon, Junior H & Gabito Ballesteros	Skin de Bandida	Latin	2023	["latin"]
itunes_1876715328_jfkb	Junior H & Gael Valenzuela	POLE DANCE	Latin	2025	["latin"]
itunes_1520150856_i38q	Natanael Cano & Junior H	Paso En Culiacán	Latin	2020	["latin"]
itunes_1876715323_09n9	Junior H & Gael Valenzuela	NO TENGA$ MIEDO	Latin	2025	["latin"]
itunes_1876715335_zakx	Junior H & Gael Valenzuela	PINK CAKE	Latin	2025	["latin"]
itunes_1805998428_2oz1	Junior H & Gael Valenzuela	El Chore	Latin	2025	["latin"]
itunes_1530117026_izb4	Junior H	El Blanco	Latin	2020	["latin"]
itunes_1530113120_mrrl	Junior H	El Chachito Anda Alegre	Latin	2020	["latin"]
itunes_1530112952_vpyk	Junior H & Alto Linaje	Ojos Colorados	Latin	2020	["latin"]
itunes_1485388537_cd4f	Junior H	El AK	Latin	2019	["latin"]
itunes_1446953757_jjj0	Herencia de Patrones	Ladeando (feat. Fuerza Regida)	Latin	2018	["latin"]
itunes_1837523326_e3k3	Banda MS de Sergio Lizárraga	Seguro Le Dolió (feat. Fuerza Regida)	Latin	2025	["latin"]
itunes_1594253475_20dr	Fuerza Regida, Luis R Conriquez & Calle 24	Los Miré Con Talento	Latin	2021	["latin"]
itunes_1730677171_qnoa	Chino Pacas & Fuerza Regida	Dijeron Que No La Iba Lograr	Latin	2023	["latin"]
itunes_1492159753_dt1w	Natanael Cano	Aunque Les Pese (feat. Fuerza Regida)	Latin	2019	["latin"]
itunes_1453899116_92be	Fuerza Regida	El Dinero Los Cambió	Latin	2019	["latin"]
itunes_1544235270_lvur	Fuerza Regida	No Me Dejes Nunca	Latin	2020	["latin"]
itunes_1656860283_yggd	Fuerza Regida & Grupo Frontera	911 (En Vivo)	Latin	2022	["latin"]
itunes_1449828106_bzaq	Los Hijos De Garcia	Calorsito En California (feat. Fuerza Regida)	Latin	2019	["latin"]
itunes_1728939287_8hq0	Fuerza Regida	Falsa	Latin	2024	["latin"]
itunes_1712363261_xlba	Fuerza Regida	3 TROKAS	Latin	2023	["latin"]
itunes_1544235461_32zz	Fuerza Regida	Dueño De Ti	Latin	2020	["latin"]
itunes_1452992471_to49	Fuerza Regida	Lo Estoy Pensando	Latin	2019	["latin"]
itunes_1728939099_waue	Fuerza Regida	OYE	Latin	2024	["latin"]
itunes_1602315468_2ebu	Fuerza Regida	No Es Pa Presumir	Latin	2021	["latin"]
itunes_1449967158_dsfw	JTres, LEGADO 7 & Fuerza Regida	El 7 de Fontana	Latin	2019	["latin"]
itunes_1730683230_lk6w	Angel Ureta, Fuerza Regida & Calle 24	De Lunes A Viernes	Latin	2023	["latin"]
itunes_1712363250_ah2p	Fuerza Regida	FDVP	Latin	2023	["latin"]
itunes_1627916881_kndy	Victor Cibrian, Fuerza Regida & Luis R Conriquez	En El Radio Un Cochinero (feat. La Decima Banda) [Remix]	Latin	2022	["latin"]
itunes_1481512910_wyoj	Fuerza Regida	Del Barrio	Latin	2019	["latin"]
itunes_1640143143_mfbq	Edgardo Nuñez & Fuerza Regida	La Envidia Se Dio Cuenta (En Vivo)	Latin	2022	["latin"]
itunes_1460434400_cl4a	Fuerza Regida & LEGADO 7	Cupcake Quemando	Latin	2019	["latin"]
itunes_1456958177_vpk3	Fuerza Regida	En Modesto Se La Pasa	Latin	2019	["latin"]
itunes_1786262015_0nm9	Fuerza Regida & Grupo Frontera	SOS	Latin	2024	["latin"]
itunes_1660156569_8kof	Fuerza Regida & Junior H	Whiskey Con Agua	Latin	2022	["latin"]
itunes_1413027213_0uyr	Fuerza Regida	Fume Uno (En Vivo)	Latin	2018	["latin"]
itunes_1712363852_95io	Fuerza Regida & Chuy Montana	POLVOS DE CHANEL	Latin	2023	["latin"]
itunes_1413027211_l202	Fuerza Regida	Soy Montero (En Vivo)	Latin	2018	["latin"]
itunes_1888593304_0xiu	Carín León	Qué Más Puedo Pedir (Bonus Track)	Latin	2021	["latin"]
itunes_1783127812_2zyh	Carín León	Ahí Estabas Tú	Latin	2024	["latin"]
itunes_1888509729_n3sc	Carín León	Me Gusta Estar Contigo	Latin	2018	["latin"]
itunes_1888593296_98sz	Carín León	Secuelas De Amor	Latin	2021	["latin"]
itunes_1888540081_dilx	Carín León	Mi Eterno Amor Secreto (En Vivo)	Latin	2020	["latin"]
itunes_1738491705_qtrt	Carín León & Camilo	Ni Me Debes Ni Te Debo	Latin	2023	["latin"]
itunes_1888583452_mzfp	Carín León & Grupo Firme	Amor Borrachito	Latin	2020	["latin"]
itunes_1888593294_f627	Carín León	Sí Lo Hice Y Qué	Latin	2021	["latin"]
itunes_1738480727_asm7	Carín León & Kane Brown	The One (Pero No Como Yo)	Latin	2024	["latin"]
itunes_1888513849_9v38	Carín León	Me Lo Contaron Ayer (En Vivo)	Latin	2020	["latin"]
itunes_1783127485_1v9j	Carín León	Enséñame	Latin	2024	["latin"]
itunes_1814736336_671r	Carín León & Maluma	Si Tú Me Vieras	Latin	2025	["latin"]
itunes_1888507640_jksc	Carín León	Te Irá Mejor Sin Mí (En VIvo)	Latin	2018	["latin"]
itunes_1624817248_5fen	Mau y Ricky	Llorar y Llorar (con Carin Leon)	Latin	2022	["latin"]
itunes_1888509884_s68s	Carín León	Soñador Eterno	Latin	2018	["latin"]
itunes_1888593298_giyw	Carín León	Otra A Tu Salud	Latin	2021	["latin"]
itunes_1888576895_06gv	Carín León	Como Que Me Enamoro (En Vivo)	Latin	2021	["latin"]
itunes_1738491406_kigs	Carín León	Necesito Encontrarte	Latin	2023	["latin"]
itunes_1888497682_i0w1	Carín León	A Través del Vaso	Latin	2018	["latin"]
itunes_1888520453_0n9b	Carín León	Señora Elegante	Latin	2019	["latin"]
itunes_1844693933_poxt	Grupo Frontera & Carín León	QUE VUELVAS	Latin	2022	["latin"]
itunes_1814735597_38gr	Carín León & Luis Mexia	Ocupo Una Limpia	Latin	2024	["latin"]
itunes_1601864815_v4t7	Banda MS de Sergio Lizárraga & Carín León	Ojos Cerrados	Latin	2022	["latin"]
itunes_1786470660_y1ea	Yami Safdie, Lasso & Carín León	En Otra Vida	Latin	2025	["latin"]
itunes_1888534002_r1av	Carín León	Coqueta (En Vivo)	Latin	2020	["latin"]
itunes_1844405069_uojc	Gabito Ballesteros & Carín León	REGALO DE DIOS	Latin	2025	["latin"]
itunes_1861516897_86f6	El Alfa & Lil Pump	Déjalo Que Corra	Pop Latino	2025	["pop","latin"]
itunes_1616672400_2ak0	Natanael Cano & Lil Mosey	Gracias A Dios	Latin	2022	["latin"]
1442858494	Mike Posner	I Took a Pill In Ibiza (Seeb Remix)	Dance	2015	["pop","electronic","dance","latin"]
1782445186	Starley	Call on Me (Ryan Riback Remix)	Dance	2016	["pop","electronic","dance","latin"]
440723118	Pitbull	International Love (feat. Chris Brown)	Pop	2011	["pop","electronic","dance","latin"]
1459540255	Omi	Cheerleader (Felix Jaehn Remix) [Radio Edit]	Reggae	2014	["pop","electronic","dance","latin"]
1443130548	Jennifer Lopez	On the Floor (feat. Pitbull) [Radio Edit]	Pop	2011	["pop","electronic","dance","latin"]
2269096357	KHEA	Ayer Me Llamó Mi Ex	Hip-Hop/Rap	2020	["hiphop","latin"]